tm	ias	tas	alt	roc	wt	gs	fuel	hdng	x		y		eng	flap	pitch	roll	yaw
0.0	000	000	00061	00000	9994.9	0.0	180.0	181	0304116.6	0328169.8	001	000	131	000	1792
10.0	011	012	00061	00008	9994.3	0.9	179.9	180	0304116.2	0328142.6	132	000	121	002	1794
20.0	062	063	00065	00040	9991.8	0.9	179.5	181	0304092.0	0327578.2	140	000	062	-01	1789
30.0	085	086	00100	01343	9989.3	1.0	179.1	180	0304083.5	0326402.5	140	000	230	-75	1791
40.0	105	106	00177	00177	9986.8	1.0	178.6	180	0304055.2	0325025.9	140	000	078	-73	1793
50.1	112	113	00301	01088	9984.3	1.0	178.2	191	0303822.8	0323404.0	140	000	122	000	1685
89.8	107	109	01022	01499	9974.3	1.0	176.6	054	0307357.1	0320837.2	140	000	156	000	-543
99.8	101	103	01254	01254	9971.9	1.0	176.2	054	0308614.8	0321730.3	122	000	156	000	-541
109.8	098	101	01417	00669	9969.7	0.9	175.8	053	0309816.7	0322592.7	119	000	124	000	-539
119.8	104	107	01515	00680	9967.6	1.0	175.4	053	0311063.1	0323493.9	119	000	118	000	-539
129.8	102	105	01660	00975	9965.5	1.0	175.1	053	0312323.7	0324408.9	119	000	139	000	-538
139.8	101	104	01808	00761	9963.3	1.0	174.7	053	0313551.4	0325304.3	119	000	127	000	-536
149.8	102	106	01955	00938	9961.0	1.0	174.3	053	0314798.0	0326221.9	104	000	134	000	-534
159.8	103	107	02040	00109	9959.2	1.0	174.0	053	0316035.0	0327137.4	100	000	082	000	-535
169.8	109	113	02097	00951	9957.2	1.1	173.7	053	0317356.5	0328115.3	119	000	128	000	-535
179.8	103	107	02279	01009	9955.1	1.0	173.4	053	0318643.1	0329067.7	119	000	137	000	-533
189.8	101	105	02432	00819	9952.9	1.0	173.0	053	0319883.3	0329988.4	119	000	130	000	-531
199.8	103	107	02557	00741	9950.8	1.0	172.6	053	0321128.0	0330916.5	119	000	123	000	-531
209.9	102	107	02691	00825	9948.6	1.0	172.3	053	0322391.8	0331862.0	119	000	127	000	-530
219.9	102	107	02825	00790	9946.5	1.0	171.9	053	0323650.8	0332806.4	119	000	124	000	-530
229.9	103	108	02955	00778	9944.4	1.0	171.6	052	0324916.1	0333757.8	119	000	122	000	-529
239.9	104	109	03086	00789	9942.3	1.0	171.2	052	0326190.3	0334717.6	119	000	122	000	-529
249.9	104	110	03218	00804	9940.1	1.0	170.9	052	0327473.7	0335685.2	119	000	121	000	-529
259.9	104	110	03354	00812	9938.0	1.0	170.5	052	0328766.9	0336660.8	119	000	122	000	-529
269.9	104	110	03490	00814	9935.8	1.0	170.1	052	0330057.2	0337634.4	119	000	122	000	-529
279.9	104	110	03625	00812	9933.7	1.0	169.8	052	0331348.8	0338609.0	119	000	122	000	-529
289.9	104	110	03760	00809	9931.6	1.0	169.4	052	0332641.7	0339584.7	119	000	122	000	-529
299.9	104	111	03895	00804	9929.4	1.0	169.1	052	0333936.4	0340561.9	119	000	122	000	-529
309.9	104	111	04029	00805	9927.3	1.0	168.7	052	0335238.9	0341544.9	119	000	121	000	-529
319.9	104	111	04165	00821	9925.2	1.0	168.4	052	0336542.2	0342528.6	119	000	122	000	-529
330.0	105	112	04303	00829	9923.0	1.0	168.0	052	0337849.4	0343515.2	119	000	122	000	-529
340.0	104	112	04441	00829	9920.9	1.0	167.7	052	0339158.3	0344503.1	119	000	122	000	-529
350.0	104	112	04580	00826	9918.8	1.0	167.3	052	0340473.4	0345495.8	119	000	122	000	-529
360.0	104	112	04717	00822	9916.6	1.0	166.9	052	0341784.8	0346485.5	119	000	122	000	-529
370.0	104	112	04854	00818	9914.5	1.0	166.6	052	0343098.0	0347476.8	119	000	122	000	-529
380.0	103	112	04990	00814	9912.4	1.0	166.2	052	0344413.8	0348469.9	119	000	121	000	-529
390.0	104	113	05127	00826	9910.2	1.0	165.9	052	0345734.3	0349466.7	119	000	121	000	-529
400.0	104	113	05266	00834	9908.1	1.0	165.5	052	0347065.0	0350471.1	119	000	122	000	-529
410.0	104	113	05405	00836	9905.9	1.0	165.2	052	0348392.7	0351473.3	119	000	122	000	-529
420.0	104	114	05544	00833	9903.8	1.0	164.8	052	0349721.9	0352476.6	119	000	122	000	-529
430.0	104	114	05683	00829	9901.7	1.0	164.5	052	0351052.8	0353481.2	119	000	122	000	-529
440.0	104	114	05821	00825	9899.5	1.0	164.1	052	0352385.7	0354487.4	119	000	121	000	-529
450.1	104	114	05959	00822	9897.4	1.0	163.7	052	0353726.4	0355499.5	119	000	121	000	-529
460.1	104	115	06096	00830	9895.3	1.0	163.4	052	0355065.8	0356510.6	119	000	121	000	-529
470.1	104	115	06235	00840	9893.1	1.0	163.0	052	0356410.8	0357525.9	119	000	121	000	-529
480.1	104	115	06376	00843	9891.0	1.0	162.7	052	0357758.6	0358543.3	119	000	121	000	-529
490.1	104	115	06517	00841	9888.9	1.0	162.3	052	0359113.4	0359566.1	119	000	122	000	-529
500.1	104	115	06657	00838	9886.7	1.0	162.0	052	0360464.4	0360586.0	119	000	121	000	-529
510.1	104	116	06796	00833	9884.6	1.0	161.6	052	0361817.4	0361607.4	119	000	121	000	-529
520.1	104	116	06935	00829	9882.5	1.0	161.3	052	0363172.9	0362630.8	119	000	121	000	-529
530.1	104	116	07073	00835	9880.3	1.0	160.9	052	0364532.0	0363656.8	119	000	121	000	-529
540.1	104	117	07214	00845	9878.2	1.0	160.5	052	0365902.4	0364691.4	119	000	121	000	-529
550.1	104	117	07355	00849	9876.1	1.0	160.2	052	0367270.7	0365724.4	119	000	121	000	-529
560.2	104	117	07497	00849	9873.9	1.0	159.8	052	0368640.9	0366758.8	119	000	121	000	-529
570.2	104	117	07638	00845	9871.8	1.0	159.5	052	0370012.6	0367794.5	119	000	121	000	-529
580.2	104	117	07779	00841	9869.7	1.0	159.1	052	0371386.4	0368831.7	119	000	121	000	-529
590.2	104	118	07919	00836	9867.5	1.0	158.8	052	0372768.1	0369874.9	119	000	121	000	-529
600.2	104	118	08058	00840	9865.4	1.0	158.4	052	0374147.7	0370916.5	119	000	120	000	-529
610.2	104	118	08199	00852	9863.2	1.0	158.0	052	0375533.4	0371962.7	119	000	121	000	-529
620.2	104	119	08342	00857	9861.1	1.0	157.7	052	0376922.8	0373011.8	119	000	121	000	-529
630.2	104	119	08485	00856	9859.0	1.0	157.3	052	0378319.9	0374066.7	119	000	121	000	-529
640.2	104	119	08628	00853	9856.8	1.0	157.0	052	0379713.1	0375118.6	119	000	121	000	-529
650.2	104	119	08770	00849	9854.7	1.0	156.6	052	0381108.2	0376172.0	119	000	121	000	-529
660.2	104	119	08911	00843	9852.6	1.0	156.3	052	0382505.8	0377227.3	119	000	120	000	-529
670.2	104	120	09050	00819	9850.4	1.0	155.9	052	0383907.0	0378285.3	118	000	119	000	-529
680.3	104	120	09185	00798	9848.3	1.0	155.6	052	0385320.2	0379352.5	118	000	117	000	-529
690.3	105	121	09319	00812	9846.2	1.0	155.2	052	0386734.2	0380420.2	118	000	118	000	-529
700.3	104	121	09454	00810	9844.1	1.0	154.9	052	0388150.7	0381489.8	118	000	117	000	-529
710.3	104	121	09588	00795	9842.0	1.0	154.5	052	0389569.8	0382561.3	118	000	116	000	-529
720.3	105	122	09720	00790	9839.9	1.0	154.2	052	0390993.2	0383636.2	118	000	116	000	-529
730.3	105	122	09853	00789	9837.8	1.0	153.8	052	0392426.5	0384718.6	118	000	116	000	-529
740.3	104	122	09984	00787	9835.7	1.0	153.5	052	0393857.4	0385799.1	118	000	115	000	-529
750.3	104	122	10111	00730	9833.6	1.0	153.1	052	0395290.8	0386881.6	117	000	112	000	-529
760.3	105	123	10230	00713	9831.5	1.0	152.8	052	0396731.8	0387969.7	117	000	111	000	-529
770.3	105	123	10352	00742	9829.4	1.0	152.4	052	0398184.7	0389066.9	117	000	112	000	-529
780.3	105	124	10475	00727	9827.3	1.0	152.1	052	0399632.1	0390159.9	117	000	111	000	-529
790.3	105	124	10594	00703	9825.2	1.0	151.7	052	0401082.9	0391255.6	117	000	110	000	-529
800.4	105	124	10712	00712	9823.2	1.0	151.4	052	0402539.0	0392355.2	117	000	110	000	-529
810.4	105	124	10831	00708	9821.1	1.0	151.0	052	0403997.4	0393456.6	117	000	110	000	-529
820.4	105	125	10948	00689	9819.0	1.0	150.7	052	0405464.2	0394564.4	117	000	109	000	-529
830.4	105	125	11061	00668	9816.9	1.0	150.3	052	0406929.8	0395671.2	115	000	107	000	-529
840.4	106	126	11170	00645	9814.9	1.0	150.0	052	0408400.2	0396781.7	115	000	106	000	-529
850.4	106	126	11278	00654	9812.8	1.0	149.6	052	0409876.2	0397896.4	115	000	106	000	-529
860.4	105	126	11388	00654	9810.8	1.0	149.3	052	0411354.5	0399012.8	115	000	106	000	-529
870.4	105	126	11496	00639	9808.7	1.0	149.0	052	0412840.6	0400135.2	115	000	105	000	-529
880.4	106	127	11602	00630	9806.6	1.0	148.6	052	0414324.4	0401255.8	115	000	105	000	-529
890.4	106	127	11707	00629	9804.6	1.0	148.3	052	0415812.0	0402379.3	115	000	104	000	-529
900.4	106	127	11811	00626	9802.5	1.0	147.9	052	0417302.2	0403504.8	115	000	104	000	-529
910.5	105	127	11916	00618	9800.4	1.0	147.6	052	0418800.8	0404636.7	115	000	104	000	-529
920.5	106	128	12018	00605	9798.4	1.0	147.2	052	0420296.4	0405766.2	114	000	103	000	-529
930.5	106	128	12115	00571	9796.4	1.0	146.9	052	0421796.6	0406899.3	114	000	101	000	-529
940.5	106	128	12211	00584	9794.3	1.0	146.6	052	0423302.4	0408036.6	114	000	101	000	-529
950.5	106	129	12309	00582	9792.3	1.0	146.2	052	0424810.2	0409175.4	114	000	101	000	-529
960.5	106	129	12405	00567	9790.3	1.0	145.9	052	0426326.2	0410320.4	114	000	100	000	-529
970.5	106	129	12500	00566	9788.2	1.0	145.5	052	0427839.7	0411463.6	114	000	100	000	-529
980.5	106	129	12594	00564	9786.2	1.0	145.2	052	0429355.5	0412608.5	114	000	100	000	-529
990.5	106	129	12687	00556	9784.2	1.0	144.9	052	0430873.5	0413755.1	114	000	099	000	-529
1000.5	106	130	12779	00545	9782.1	1.0	144.5	052	0432394.5	0414903.9	114	000	099	000	-529
1010.5	106	130	12871	00547	9780.1	1.0	144.2	052	0433925.0	0416059.9	114	000	099	000	-529
1020.5	106	130	12962	00543	9778.1	1.0	143.9	052	0435451.5	0417212.9	114	000	098	000	-529
1030.6	106	130	13048	00450	9776.0	1.0	143.5	052	0436976.9	0418365.1	112	000	094	000	-529
1040.6	107	131	13109	00312	9774.0	1.0	143.2	052	0438503.9	0419518.6	112	000	087	000	-529
1050.6	107	132	13167	00412	9772.0	1.0	142.8	052	0440055.2	0420690.3	112	000	091	000	-529
1060.6	106	131	13243	00463	9770.0	1.0	142.5	052	0441598.7	0421856.1	112	000	094	000	-529
1070.6	106	131	13314	00379	9768.0	1.0	142.2	052	0443134.8	0423016.4	112	000	090	000	-529
1080.6	107	132	13375	00373	9766.0	1.0	141.8	052	0444678.2	0424182.2	112	000	089	000	-529
1090.6	107	132	13442	00425	9764.0	1.0	141.5	052	0446227.4	0425352.4	112	000	092	000	-529
1100.6	107	132	13512	00408	9762.0	1.0	141.2	052	0447780.1	0426525.2	112	000	091	000	-529
1110.6	107	132	13577	00380	9760.0	1.0	140.8	052	0449327.6	0427694.2	112	000	090	000	-529
1120.6	107	132	13642	00400	9758.0	1.0	140.5	052	0450880.0	0428866.8	112	000	090	000	-529
1130.6	106	132	13710	00407	9756.0	1.0	140.2	052	0452433.1	0430040.0	112	000	091	000	-529
1140.7	106	132	13776	00389	9754.0	1.0	139.8	052	0453986.4	0431213.3	112	000	090	000	-529
1150.7	107	133	13841	00384	9751.9	1.0	139.5	052	0455549.1	0432393.7	112	000	089	000	-529
1160.7	107	133	13906	00397	9749.9	1.0	139.2	052	0457108.5	0433571.7	112	000	090	000	-529
1170.7	107	133	13972	00394	9747.9	1.0	138.8	052	0458668.7	0434750.2	112	000	090	000	-529
1180.7	107	133	14037	00387	9745.9	1.0	138.5	052	0460231.3	0435930.5	111	000	089	000	-529
1190.7	107	134	14104	00413	9743.9	1.0	138.2	052	0461805.9	0437120.0	111	000	090	000	-529
1200.7	107	134	14174	00420	9742.0	1.0	137.8	052	0463374.9	0438305.2	111	000	091	000	-529
1210.7	107	134	14243	00400	9740.0	1.0	137.5	052	0464943.9	0439490.4	111	000	090	000	-529
1220.7	107	134	14309	00401	9738.0	1.0	137.2	052	0466516.2	0440678.1	111	000	090	000	-529
1230.7	107	134	14377	00411	9736.0	1.0	136.8	052	0468090.8	0441867.6	111	000	090	000	-529
1240.7	107	134	14446	00404	9734.0	1.0	136.5	052	0469672.4	0443062.3	111	000	090	000	-529
1250.7	107	134	14512	00398	9732.0	1.0	136.2	052	0471249.5	0444253.7	111	000	089	000	-529
1260.8	107	135	14578	00397	9730.1	1.0	135.9	052	0472829.4	0445447.2	111	000	089	000	-529
1270.8	107	135	14645	00402	9728.1	1.0	135.5	052	0474411.5	0446642.3	111	000	089	000	-529
1280.8	107	135	14712	00399	9726.1	1.0	135.2	052	0475995.0	0447838.5	111	000	089	000	-529
1290.8	107	135	14779	00395	9724.1	1.0	134.9	052	0477586.3	0449040.7	111	000	089	000	-529
1300.8	107	135	14844	00395	9722.1	1.0	134.5	052	0479173.5	0450239.7	111	000	089	000	-529
1310.8	107	135	14910	00396	9720.2	1.0	134.2	052	0480762.4	0451440.0	111	000	089	000	-529
1320.8	107	136	14976	00389	9718.2	1.0	133.9	052	0482352.9	0452641.5	111	000	089	000	-529
1330.8	107	136	15041	00401	9716.2	1.0	133.5	052	0483954.2	0453851.1	110	000	089	000	-529
1340.8	107	136	15113	00452	9714.2	1.0	133.2	052	0485554.5	0455060.1	110	000	091	000	-529
1350.8	107	136	15188	00436	9712.3	1.0	132.9	052	0487152.3	0456267.1	110	000	091	000	-529
1360.8	107	136	15258	00406	9710.3	1.0	132.6	052	0488751.3	0457475.0	110	000	089	000	-529
1370.8	108	137	15326	00419	9708.4	1.0	132.2	052	0490355.6	0458687.0	110	000	089	000	-529
1380.9	107	137	15398	00434	9706.4	1.0	131.9	052	0491968.4	0459905.4	110	000	090	000	-529
1390.9	107	137	15469	00419	9704.5	1.0	131.6	052	0493574.7	0461118.9	110	000	089	000	-529
1400.9	107	137	15538	00412	9702.5	1.0	131.3	052	0495183.6	0462334.4	110	000	089	000	-529
1410.9	107	137	15608	00422	9700.5	1.0	130.9	052	0496795.4	0463552.0	110	000	089	000	-529
1420.9	107	137	15678	00420	9698.6	1.0	130.6	052	0498408.4	0464770.6	110	000	089	000	-529
1430.9	108	138	15748	00406	9696.6	1.0	130.3	052	0500029.4	0465995.2	110	000	089	000	-529
1440.9	108	138	15816	00412	9694.7	1.0	130.0	052	0501647.4	0467217.6	110	000	089	000	-529
1450.9	107	138	15885	00418	9692.7	1.0	129.6	052	0503267.3	0468441.4	110	000	089	000	-529
1460.9	107	138	15954	00410	9690.8	1.0	129.3	052	0504888.2	0469665.9	110	000	089	000	-529
1470.9	108	139	16022	00400	9688.8	1.0	129.0	052	0506518.2	0470897.4	107	000	088	000	-529
1480.9	108	139	16089	00418	9686.9	1.0	128.7	052	0508149.4	0472129.8	107	000	088	000	-529
1490.9	108	139	16162	00448	9685.0	1.0	128.3	052	0509783.3	0473364.1	107	000	090	000	-529
1501.0	108	139	16236	00424	9683.1	1.0	128.0	052	0511415.6	0474597.3	107	000	089	000	-529
1511.0	108	140	16305	00410	9681.2	1.0	127.7	052	0513050.6	0475832.5	107	000	088	000	-529
1521.0	108	140	16374	00422	9679.2	1.0	127.4	052	0514696.5	0477076.0	107	000	088	000	-529
1531.0	108	140	16445	00429	9677.3	1.0	127.1	052	0516337.5	0478315.8	107	000	089	000	-529
1541.0	108	140	16516	00416	9675.4	1.0	126.7	052	0517979.2	0479556.1	107	000	088	000	-529
1551.0	108	140	16585	00413	9673.5	1.0	126.4	052	0519623.4	0480798.3	107	000	088	000	-529
1561.0	108	140	16654	00419	9671.6	1.0	126.1	052	0521270.2	0482042.5	107	000	088	000	-529
1571.0	107	140	16724	00417	9669.7	1.0	125.8	052	0522925.0	0483292.7	107	000	088	000	-529
1581.0	108	141	16793	00405	9667.8	1.0	125.5	052	0524575.2	0484539.4	107	000	087	000	-529
1591.0	108	141	16861	00411	9665.9	1.0	125.2	052	0526228.5	0485788.6	107	000	088	000	-529
1601.0	108	141	16930	00415	9663.9	1.0	124.8	052	0527883.6	0487039.0	107	000	088	000	-529
1611.1	108	141	16999	00407	9662.0	1.0	124.5	052	0529546.6	0488295.4	107	000	087	000	-529
1621.1	108	142	17066	00409	9660.2	1.0	124.2	052	0531209.2	0489551.6	105	000	087	000	-529
1631.1	108	142	17138	00453	9658.3	1.0	123.9	052	0532877.6	0490812.1	105	000	089	000	-529
1641.1	108	142	17214	00444	9656.4	1.0	123.6	052	0534544.2	0492071.3	105	000	088	000	-529
1651.1	108	142	17285	00415	9654.6	1.0	123.3	052	0536211.9	0493331.2	105	000	087	000	-529
1661.1	109	143	17355	00422	9652.7	1.0	123.0	052	0537884.3	0494594.8	105	000	087	000	-529
1671.1	108	143	17427	00436	9650.8	1.0	122.6	052	0539559.5	0495860.5	105	000	088	000	-529
1681.1	108	143	17499	00428	9649.0	1.0	122.3	052	0541235.3	0497126.7	105	000	087	000	-529
1691.1	108	143	17569	00418	9647.1	1.0	122.0	052	0542913.1	0498394.3	105	000	087	000	-529
1701.1	108	143	17640	00423	9645.2	1.0	121.7	052	0544600.6	0499669.3	105	000	087	000	-529
1711.1	108	143	17711	00425	9643.4	1.0	121.4	052	0546283.2	0500940.6	105	000	087	000	-529
1721.1	109	144	17781	00415	9641.5	1.0	121.1	052	0547967.2	0502213.0	105	000	087	000	-529
1731.1	108	144	17850	00413	9639.6	1.0	120.8	052	0549654.3	0503487.7	105	000	086	000	-529
1741.1	108	144	17920	00421	9637.8	1.0	120.5	052	0551344.1	0504764.4	105	000	087	000	-529
1751.1	108	144	17990	00417	9635.9	1.0	120.2	052	0553035.1	0506042.0	105	000	087	000	-529
1761.1	109	145	18059	00418	9634.1	1.0	119.9	052	0554731.4	0507323.7	102	000	086	000	-529
1771.1	109	145	18133	00467	9632.2	1.0	119.5	052	0556434.5	0508610.5	102	000	088	000	-529
1781.1	109	145	18211	00463	9630.4	1.0	119.2	052	0558136.2	0509896.2	102	000	088	000	-529
1791.1	108	145	18285	00429	9628.6	1.0	118.9	052	0559838.1	0511182.2	102	000	087	000	-529
1801.1	109	146	18357	00433	9626.8	1.0	118.6	052	0561545.1	0512471.9	102	000	087	000	-529
1811.1	109	146	18431	00450	9624.9	1.0	118.3	052	0563255.4	0513764.2	102	000	087	000	-529
1821.1	109	146	18506	00444	9623.1	1.0	118.0	052	0564966.4	0515057.0	102	000	087	000	-529
1831.1	109	146	18578	00431	9621.3	1.0	117.7	052	0566679.2	0516351.1	102	000	086	000	-529
1841.1	109	146	18651	00435	9619.5	1.0	117.4	052	0568395.2	0517647.7	102	000	087	000	-529
1851.1	108	146	18724	00440	9617.7	1.0	117.1	052	0570113.4	0518945.9	102	000	087	000	-529
1861.1	109	147	18796	00428	9615.8	1.0	116.8	052	0571833.1	0520245.4	102	000	086	000	-529
1871.1	109	147	18867	00427	9614.0	1.0	116.5	052	0573556.0	0521547.1	102	000	086	000	-529
1881.1	109	147	18939	00434	9612.2	1.0	116.2	052	0575281.4	0522850.9	102	000	086	000	-529
1891.1	109	147	19011	00432	9610.4	1.0	115.9	052	0577008.6	0524155.9	100	000	086	000	-529
1901.1	109	148	19087	00484	9608.6	1.0	115.6	052	0578745.4	0525468.2	100	000	088	000	-529
1911.1	109	148	19173	00532	9606.8	1.0	115.3	052	0580491.2	0526787.4	100	000	090	000	-529
1921.1	109	148	19259	00486	9605.0	1.0	115.0	052	0582226.2	0528098.4	100	000	088	000	-529
1931.1	109	149	19337	00460	9603.2	1.0	114.7	052	0583965.4	0529412.4	100	000	087	000	-529
1941.1	109	149	19415	00488	9601.5	1.0	114.4	052	0585711.2	0530731.6	100	000	088	000	-529
1951.1	109	149	19498	00500	9599.7	1.0	114.1	052	0587458.3	0532051.8	100	000	088	000	-529
1961.1	109	149	19580	00476	9597.9	1.0	113.8	052	0589205.6	0533371.9	100	000	087	000	-529
1971.1	109	149	19658	00469	9596.1	1.0	113.5	052	0590956.4	0534694.9	100	000	087	000	-529
1981.1	109	150	19737	00478	9594.4	1.0	113.2	052	0592711.2	0536020.9	100	000	087	000	-529
1991.1	109	150	19817	00480	9592.6	1.0	112.9	052	0594468.1	0537348.4	100	000	087	000	-529
2001.1	109	150	19897	00472	9590.8	1.0	112.6	052	0596226.8	0538677.4	100	000	087	000	-529
2011.1	109	150	19975	00469	9589.0	1.0	112.3	052	0597988.3	0540008.4	100	000	087	000	-529
2021.1	109	150	20053	00471	9587.2	1.0	112.0	052	0599752.6	0541341.6	100	000	087	000	-529
2031.1	109	151	20132	00464	9585.5	1.0	111.8	052	0601519.2	0542676.5	100	000	086	000	-529
2041.2	109	151	20209	00464	9583.7	1.0	111.5	052	0603288.8	0544013.6	100	000	086	000	-529
2051.2	109	151	20286	00466	9581.9	1.0	111.2	052	0605060.9	0545352.8	100	000	086	000	-529
2061.2	109	151	20364	00463	9580.1	1.0	110.9	052	0606835.1	0546693.4	100	000	086	000	-529
2071.2	110	152	20441	00457	9578.4	1.0	110.6	052	0608611.6	0548035.8	100	000	086	000	-529
2081.2	109	152	20516	00453	9576.6	1.0	110.3	052	0610391.2	0549380.6	100	000	086	000	-529
2091.2	109	152	20593	00458	9574.8	1.0	110.0	052	0612173.8	0550727.6	100	000	086	000	-529
2101.2	109	152	20669	00457	9573.0	1.0	109.7	052	0613958.2	0552076.1	100	000	086	000	-529
2111.2	109	152	20745	00451	9571.2	1.0	109.4	052	0615744.8	0553426.0	100	000	085	000	-529
2121.2	110	153	20820	00445	9569.5	1.0	109.1	052	0617534.0	0554778.1	100	000	085	000	-529
2131.2	109	153	20894	00447	9567.7	1.0	108.8	052	0619326.4	0556132.6	100	000	085	000	-529
2141.2	109	153	20969	00450	9565.9	1.0	108.5	052	0621121.4	0557489.0	100	000	085	000	-529
2151.2	098	137	21005	-0555	9564.1	0.9	108.2	052	0622863.1	0558805.3	100	000	047	000	-529
2161.2	118	164	20800	-1097	9562.4	1.1	107.9	052	0624619.1	0560132.3	100	000	019	000	-529
2171.2	118	164	20819	01292	9560.6	1.1	107.6	052	0626578.0	0561612.2	100	000	113	000	-529
2181.2	096	135	21075	00895	9558.8	0.8	107.3	052	0628353.8	0562954.1	100	000	118	000	-529
2191.2	103	144	20875	-3144	9557.0	0.9	107.0	052	0629853.3	0564087.7	100	000	-73	000	-529
2201.2	133	184	20448	-0613	9555.2	1.3	106.7	052	0631809.8	0565565.8	100	000	035	000	-529
2211.2	113	158	20728	03011	9553.5	1.0	106.4	052	0633838.8	0567098.4	100	000	189	000	-529
2221.2	083	117	21085	00207	9551.7	0.7	106.1	052	0635427.7	0568299.1	100	000	096	000	-529
2231.2	115	160	20679	-4110	9549.9	1.0	105.8	052	0636895.6	0569408.8	100	000	-105	000	-529
2241.2	136	188	20301	00672	9548.1	1.3	105.5	052	0638989.9	0570990.5	100	000	079	000	-529
2251.2	106	148	20756	03386	9546.4	0.9	105.2	052	0640950.2	0572471.1	100	000	217	000	-529
2261.2	081	113	21051	-0710	9544.6	0.7	104.9	052	0642431.4	0573590.5	100	000	047	000	-529
2271.2	123	171	20544	-3829	9542.8	1.2	104.6	052	0643986.5	0574765.7	100	000	-86	000	-529
2281.2	132	183	20329	01737	9541.0	1.3	104.3	052	0646130.8	0576384.9	100	000	119	000	-529
2291.2	100	140	20839	03010	9539.2	0.9	104.0	052	0647990.2	0577789.2	100	000	211	000	-529
2301.2	081	114	21010	-1627	9537.5	0.7	103.8	052	0649428.4	0578876.1	100	000	-05	000	-529
2311.2	128	178	20467	-3082	9535.7	1.2	103.5	052	0651105.7	0580143.2	100	000	-54	000	-529
2321.2	128	177	20420	02437	9533.9	1.2	103.2	052	0653249.3	0581761.7	100	000	149	000	-529
2331.2	097	135	20926	02447	9532.1	0.8	102.9	052	0655019.2	0583098.4	100	000	191	000	-529
2341.2	089	124	20951	-2577	9530.4	0.8	102.6	052	0656432.6	0584166.5	100	000	-56	000	-529
2351.2	132	183	20397	-2231	9528.6	1.3	102.3	052	0658236.2	0585528.6	100	000	-21	000	-529
2361.2	122	169	20508	02978	9526.8	1.1	102.0	052	0660360.6	0587132.4	100	000	175	000	-529
2371.2	093	130	20995	01876	9525.0	0.8	101.7	052	0662048.4	0588407.1	100	000	168	000	-529
2381.2	098	137	20861	-3382	9523.2	0.9	101.4	052	0663451.1	0589467.0	100	000	-89	000	-529
2391.2	135	187	20338	-1201	9521.5	1.3	101.1	052	0665375.9	0590920.3	100	000	015	000	-529
2401.2	116	161	20597	03322	9519.7	1.1	100.8	052	0667455.1	0592489.8	100	000	198	000	-529
2411.2	087	122	21039	01026	9517.9	0.7	100.5	052	0669062.4	0593703.7	100	000	135	000	-529
2421.2	108	151	20750	-3827	9516.1	1.0	100.2	052	0670491.0	0594783.0	100	000	-100	000	-529
2431.2	135	187	20315	-0037	9514.4	1.3	99.9	052	0672519.5	0596314.2	100	000	056	000	-529
2441.2	109	152	20700	03369	9512.6	1.0	99.6	052	0674531.2	0597832.7	100	000	210	000	-529
2451.2	082	115	21055	-0016	9510.8	0.7	99.3	052	0676061.9	0598988.7	100	000	085	000	-529
2461.2	117	163	20629	-3866	9509.0	1.1	99.0	052	0677561.8	0600121.7	100	000	-92	000	-529
2471.2	134	185	20331	01111	9507.2	1.3	98.7	052	0679666.1	0601709.8	100	000	096	000	-529
2481.2	103	144	20800	03165	9505.5	0.9	98.4	052	0681577.7	0603152.6	100	000	212	000	-529
2491.2	081	113	21038	-1103	9503.7	0.7	98.1	052	0683043.2	0604259.4	100	000	024	000	-529
2501.2	125	174	20515	-3488	9501.9	1.2	97.8	052	0684649.2	0605472.1	100	000	-71	000	-529
2511.2	130	180	20380	02091	9500.1	1.3	97.5	052	0686791.9	0607088.9	100	000	133	000	-529
2521.2	098	137	20891	02757	9498.3	0.9	97.2	052	0688605.2	0608457.5	100	000	203	000	-529
2531.2	083	117	20987	-2196	9496.6	0.7	96.9	052	0690018.3	0609524.8	100	000	-38	000	-529
2541.2	131	181	20416	-2742	9494.8	1.3	96.6	052	0691756.7	0610836.9	100	000	-40	000	-529
2551.2	125	173	20455	02841	9493.0	1.2	96.3	052	0693900.0	0612454.0	100	000	167	000	-529
2561.2	094	131	20969	02200	9491.2	0.8	96.0	052	0695617.4	0613750.2	100	000	184	000	-529
2571.2	094	131	20903	-3157	9489.5	0.8	95.8	052	0697005.8	0614798.7	100	000	-83	000	-529
2581.2	134	186	20343	-1707	9487.7	1.3	95.5	052	0698878.5	0616211.9	100	000	-02	000	-529
2591.2	119	165	20549	03305	9485.9	1.1	95.2	052	0700985.1	0617801.1	100	000	193	000	-529
2601.2	088	124	21026	01433	9484.1	0.8	94.9	052	0702616.1	0619032.1	100	000	154	000	-529
2611.2	104	145	20794	-3776	9482.3	0.9	94.6	052	0704016.1	0620089.2	100	000	-102	000	-529
2621.2	136	188	20307	-0512	9480.6	1.3	94.3	052	0706006.7	0621591.0	100	000	039	000	-529
2631.2	112	156	20654	03461	9478.8	1.0	94.0	052	0708044.8	0623128.4	100	000	210	000	-529
2641.2	083	116	21055	00407	9477.0	0.7	93.7	052	0709594.9	0624298.3	100	000	107	000	-529
2651.2	114	159	20671	-3984	9475.2	1.0	93.4	052	0711051.9	0625398.2	100	000	-101	000	-529
2661.2	135	186	20309	00710	9473.5	1.3	93.1	052	0713133.8	0626968.6	100	000	082	000	-529
2671.2	105	147	20761	03336	9471.7	0.9	92.8	052	0715080.6	0628437.0	100	000	216	000	-529
2681.2	080	112	21050	-0729	9469.9	0.7	92.5	052	0716557.5	0629551.6	100	000	045	000	-529
2691.2	122	170	20546	-3754	9468.1	1.2	92.2	052	0718113.2	0630725.8	100	000	-83	000	-529
2701.2	132	182	20347	01822	9466.3	1.3	91.9	052	0720251.1	0632338.0	100	000	123	000	-529
2711.2	099	139	20861	02978	9464.6	0.9	91.6	052	0722094.9	0633728.6	100	000	211	000	-529
2721.3	081	114	21008	-1892	9462.8	0.7	91.3	052	0723517.1	0634802.1	100	000	-20	000	-529
2731.3	130	180	20434	-3075	9461.0	1.3	91.0	052	0725206.4	0636076.6	100	000	-53	000	-529
2741.3	126	175	20420	02709	9459.2	1.2	90.7	052	0727357.9	0637698.8	100	000	159	000	-529
2751.3	094	132	20949	02423	9457.4	0.8	90.4	052	0729097.2	0639010.7	100	000	194	000	-529
2761.3	090	126	20929	-2974	9455.7	0.8	90.1	052	0730476.7	0640051.8	100	000	-76	000	-529
2771.3	134	186	20348	-2052	9453.9	1.3	89.8	052	0732310.7	0641435.0	100	000	-15	000	-530
2781.3	120	167	20516	03284	9452.1	1.1	89.5	052	0734433.8	0643035.6	100	000	189	000	-529
2791.3	089	125	21016	01691	9450.3	0.8	89.2	052	0736079.1	0644276.6	100	000	166	000	-529
2801.3	101	141	20820	-3733	9448.6	0.9	88.9	052	0737460.5	0645319.1	100	000	-103	000	-529
2811.3	136	188	20301	-0808	9446.8	1.3	88.6	052	0739425.2	0646800.4	100	000	028	000	-530
2821.3	114	158	20625	03522	9445.0	1.0	88.3	052	0741482.6	0648351.3	100	000	210	000	-529
2831.3	083	116	21054	00634	9443.2	0.7	88.0	052	0743040.4	0649526.2	100	000	120	000	-529
2841.3	112	156	20691	-4054	9441.4	1.0	87.7	052	0744472.4	0650606.7	100	000	-106	000	-530
2851.3	135	187	20295	00504	9439.7	1.3	87.5	052	0746541.4	0652166.2	100	000	074	000	-530
2861.3	106	148	20740	03441	9437.9	0.9	87.2	052	0748505.1	0653646.5	100	000	219	000	-529
2871.3	080	112	21056	-0549	9436.1	0.7	86.9	052	0749983.7	0654761.8	100	000	056	000	-529
2881.3	122	169	20560	-3896	9434.3	1.1	86.6	052	0751512.6	0655914.9	100	000	-90	000	-530
2891.3	132	183	20330	01703	9432.6	1.3	86.3	052	0753647.5	0657523.9	100	000	117	000	-530
2901.3	100	139	20847	03098	9430.8	0.9	86.0	052	0755504.1	0658923.2	100	000	216	000	-529
2911.3	080	112	21018	-1764	9429.0	0.7	85.7	052	0756916.4	0659988.5	100	000	-14	000	-529
2921.3	129	179	20438	-3261	9427.2	1.2	85.4	053	0758579.4	0661242.4	100	000	-60	000	-530
2931.3	128	177	20400	02674	9425.4	1.2	85.1	052	0760735.9	0662867.4	100	000	157	000	-530
2941.3	094	132	20940	02547	9423.7	0.8	84.8	052	0762482.6	0664183.9	100	000	200	000	-529
2951.3	089	124	20940	-2911	9421.9	0.8	84.5	052	0763852.9	0665217.4	100	000	-75	000	-529
2961.3	134	185	20347	-2208	9420.1	1.3	84.2	053	0765668.6	0666586.0	100	000	-20	000	-530
2971.3	121	168	20501	03305	9418.3	1.1	83.9	052	0767798.8	0668190.9	100	000	190	000	-530
2981.3	089	125	21014	01795	9416.6	0.8	83.6	052	0769445.8	0669432.3	100	000	171	000	-529
2991.3	100	140	20827	-3764	9414.8	0.9	83.3	052	0770813.8	0670464.1	100	000	-106	000	-530
3001.3	137	189	20291	-0910	9413.0	1.4	83.0	053	0772770.1	0671938.1	100	000	025	000	-530
3011.3	114	158	20614	03590	9411.2	1.0	82.7	052	0774834.4	0673493.2	100	000	212	000	-530
3021.3	082	115	21055	00694	9409.4	0.7	82.4	052	0776387.6	0674663.9	100	000	123	000	-529
3031.3	111	155	20693	-4129	9407.7	1.0	82.1	053	0777806.1	0675733.5	100	000	-110	000	-530
3041.3	136	188	20284	00477	9405.9	1.3	81.8	053	0779874.1	0677291.3	100	000	073	000	-530
3051.3	106	148	20735	03512	9404.1	0.9	81.5	052	0781840.4	0678772.4	100	000	223	000	-530
3061.3	079	111	21059	-0553	9402.3	0.7	81.2	052	0783309.6	0679879.9	100	000	056	000	-529
3071.3	122	169	20554	-3970	9400.6	1.1	80.9	053	0784829.9	0681025.9	100	000	-93	000	-530
3081.3	133	184	20321	01749	9398.8	1.3	80.6	053	0786968.4	0682636.4	100	000	119	000	-530
3091.3	099	138	20850	03138	9397.0	0.9	80.3	052	0788827.2	0684036.6	100	000	219	000	-530
3101.3	080	112	21017	-1845	9395.2	0.7	80.0	052	0790226.7	0685091.5	100	000	-18	000	-529
3111.3	130	180	20425	-3279	9393.4	1.3	79.7	053	0791890.9	0686345.4	100	000	-61	000	-530
3121.3	127	176	20397	02774	9391.7	1.2	79.5	053	0794050.8	0687971.9	100	000	161	000	-530
3131.3	094	131	20947	02551	9389.9	0.8	79.2	052	0795786.2	0689279.1	100	000	202	000	-530
3141.3	089	124	20933	-3042	9388.1	0.8	78.9	052	0797143.4	0690302.1	100	000	-81	000	-530
3151.3	135	186	20330	-2158	9386.3	1.3	78.6	053	0798967.6	0691676.0	100	000	-18	000	-530
3161.3	120	167	20502	03415	9384.6	1.1	78.3	053	0801097.4	0693279.6	100	000	194	000	-530
3171.3	088	123	21021	01726	9382.8	0.8	78.0	052	0802728.6	0694508.3	100	000	171	000	-530
3181.3	101	141	20812	-3889	9381.0	0.9	77.7	053	0804088.4	0695533.1	100	000	-111	000	-530
3191.3	137	189	20279	-0759	9379.2	1.4	77.4	053	0806058.6	0697016.6	100	000	029	000	-530
3201.3	113	157	20626	03660	9377.4	1.0	77.1	053	0808113.6	0698563.6	100	000	217	000	-530
3211.3	081	113	21061	00536	9375.7	0.7	76.8	052	0809647.1	0699718.8	100	000	117	000	-530
3221.3	113	157	20670	-4222	9373.9	1.0	76.5	053	0811066.7	0700788.4	100	000	-112	000	-530
3231.3	136	188	20276	00686	9372.1	1.3	76.2	053	0813149.8	0702356.4	100	000	080	000	-530
3241.3	105	146	20750	03541	9370.3	0.9	75.9	053	0815099.5	0703824.1	100	000	227	000	-530
3251.3	078	109	21057	-0771	9368.6	0.7	75.6	052	0816546.7	0704914.3	100	000	044	000	-530
3261.3	123	171	20525	-3967	9366.8	1.2	75.3	053	0818079.8	0706069.1	100	000	-92	000	-530
3271.3	132	183	20322	01986	9365.0	1.3	75.0	053	0820228.9	0707686.4	100	000	128	000	-530
3281.3	097	136	20867	03111	9363.2	0.9	74.7	053	0822057.9	0709063.3	100	000	221	000	-530
3291.3	079	111	21007	-2092	9361.4	0.7	74.4	053	0823436.8	0710102.0	100	000	-34	000	-530
3301.3	131	181	20397	-3161	9359.7	1.3	74.1	053	0825124.0	0711372.3	100	000	-56	000	-530
3311.3	126	175	20407	02981	9357.9	1.2	73.8	053	0827285.6	0712998.8	100	000	170	000	-530
3321.3	092	129	20965	02457	9356.1	0.8	73.5	053	0828994.8	0714285.4	100	000	200	000	-530
3331.3	091	127	20910	-3310	9354.3	0.8	73.2	053	0830337.4	0715296.8	100	000	-94	000	-530
3341.3	136	188	20305	-1903	9352.6	1.3	72.9	053	0832192.6	0716693.1	100	000	-09	000	-530
3351.3	119	165	20523	03569	9350.8	1.1	72.6	053	0834311.9	0718287.6	100	000	203	000	-530
3361.3	085	119	21036	01488	9349.0	0.7	72.3	053	0835913.1	0719492.9	100	000	162	000	-530
3371.3	104	145	20778	-4085	9347.2	0.9	72.0	053	0837271.5	0720516.0	100	000	-117	000	-530
3381.3	137	189	20264	-0406	9345.4	1.4	71.7	053	0839272.9	0722021.9	100	000	042	000	-530
3391.3	111	154	20654	03725	9343.7	1.0	71.5	053	0841304.9	0723550.5	100	000	224	000	-530
3401.3	079	111	21067	00195	9341.9	0.7	71.2	053	0842805.9	0724680.4	100	000	099	000	-530
3411.3	116	161	20626	-4283	9340.1	1.1	70.9	053	0844242.4	0725762.0	100	000	-112	000	-530
3421.3	135	187	20274	01094	9338.3	1.3	70.6	053	0846351.1	0727348.2	100	000	094	000	-530
3431.3	103	143	20784	03503	9336.6	0.9	70.3	053	0848266.2	0728788.9	100	000	230	000	-530
3441.3	077	108	21048	-1216	9334.8	0.7	70.0	053	0849686.3	0729857.9	100	000	018	000	-530
3451.3	126	175	20475	-3825	9333.0	1.2	69.7	053	0851258.9	0731041.6	100	000	-84	000	-530
3461.3	131	181	20339	02401	9331.2	1.3	69.4	053	0853421.5	0732667.9	100	000	144	000	-530
3471.3	095	133	20903	02956	9329.4	0.8	69.1	053	0855205.9	0734010.1	100	000	219	000	-530
3481.3	082	115	20980	-2576	9327.7	0.7	68.8	053	0856556.9	0735027.2	100	000	-61	000	-530
3491.3	133	184	20352	-2810	9325.9	1.3	68.5	053	0858299.5	0736338.2	100	000	-42	000	-530
3501.3	124	172	20440	03298	9324.1	1.2	68.2	053	0860455.2	0737959.2	100	000	185	000	-530
3511.3	090	126	20997	02215	9322.3	0.8	67.9	053	0862118.9	0739210.6	100	000	191	000	-530
3521.3	095	133	20864	-3722	9320.5	0.8	67.6	053	0863449.8	0740212.5	100	000	-110	000	-530
3531.3	137	189	20274	-1368	9318.8	1.4	67.3	053	0865363.1	0741651.3	100	000	008	000	-530
3541.3	115	160	20569	03743	9317.0	1.1	67.0	053	0867455.3	0743224.4	100	000	215	000	-530
3551.3	081	114	21056	01000	9315.2	0.7	66.7	053	0869008.1	0744392.5	100	000	143	000	-530
3561.3	109	152	20714	-4309	9313.4	1.0	66.4	053	0870381.4	0745426.0	100	000	-121	000	-530
3571.3	137	189	20253	00237	9311.7	1.4	66.1	053	0872434.2	0746969.3	100	000	063	000	-530
3581.3	107	149	20708	03733	9309.9	1.0	65.8	053	0874419.7	0748461.9	100	000	231	000	-530
3591.3	077	108	21068	-0406	9308.1	0.7	65.5	053	0875873.0	0749555.2	100	000	067	000	-530
3601.3	120	167	20555	-4238	9306.3	1.1	65.2	053	0877353.3	0750668.9	100	000	-105	000	-530
3611.3	134	185	20287	01730	9304.5	1.3	64.9	053	0879495.6	0752279.1	100	000	117	000	-530
3621.3	099	138	20838	03350	9302.8	0.9	64.6	053	0881351.9	0753674.6	100	000	230	000	-530
3631.3	078	109	21026	-1850	9301.0	0.7	64.3	053	0882724.7	0754707.3	100	000	-20	000	-530
3641.3	130	180	20408	-3503	9299.2	1.3	64.0	053	0884363.4	0755939.6	100	000	-69	000	-530
3651.3	128	177	20371	02913	9297.4	1.2	63.7	053	0886534.3	0757571.0	100	000	165	000	-530
3661.3	092	129	20950	02683	9295.7	0.8	63.5	053	0888257.5	0758866.4	100	000	211	000	-530
3671.3	088	123	20932	-3210	9293.9	0.8	63.2	053	0889582.2	0759863.0	100	000	-92	000	-530
3681.4	135	187	20301	-2200	9292.1	1.4	62.9	053	0891404.8	0761233.0	100	000	-20	000	-530
3691.4	120	166	20495	03626	9290.3	1.1	62.6	053	0893539.1	0762836.7	100	000	204	000	-530
3701.4	085	119	21033	01680	9288.5	0.7	62.3	053	0895142.4	0764041.9	100	000	174	000	-530
3711.4	102	142	20791	-4153	9286.8	0.9	62.0	053	0896475.4	0765044.6	100	000	-123	000	-530
3721.4	138	190	20247	-0576	9285.0	1.4	61.7	053	0898463.4	0766538.4	100	000	036	000	-530
3731.4	111	154	20636	03852	9283.2	1.0	61.4	053	0900507.2	0768073.9	100	000	228	000	-530
3741.4	078	109	21072	00291	9281.4	0.7	61.1	053	0901999.1	0769195.4	100	000	106	000	-530
3751.4	115	160	20628	-4423	9279.7	1.1	60.8	053	0903412.1	0770258.0	100	000	-119	000	-530
3761.4	136	188	20256	01070	9277.9	1.4	60.5	053	0905520.8	0771841.9	100	000	093	000	-530
3771.4	102	142	20778	03623	9276.1	0.9	60.2	053	0907438.4	0773282.6	100	000	236	000	-530
3781.4	076	107	21054	-1219	9274.3	0.7	59.9	053	0908835.8	0774333.2	100	000	017	000	-530
3791.4	126	175	20465	-3964	9272.5	1.2	59.6	053	0910392.5	0775503.2	100	000	-89	000	-531
3801.4	131	181	20323	02487	9270.8	1.3	59.3	053	0912561.5	0777132.2	100	000	147	000	-530
3811.4	094	132	20906	03040	9269.0	0.8	59.0	053	0914338.2	0778466.9	100	000	224	000	-530
3821.4	081	114	20979	-2696	9267.2	0.7	58.7	053	0915667.4	0779466.2	100	000	-70	000	-530
3831.4	134	185	20331	-2846	9265.4	1.3	58.4	053	0917409.6	0780775.1	100	000	-43	000	-531
3841.4	123	171	20437	03465	9263.6	1.2	58.1	053	0919577.6	0782403.1	100	000	192	000	-530
3851.4	088	124	21007	02183	9261.9	0.8	57.8	053	0921220.6	0783637.4	100	000	194	000	-530
3861.4	096	134	20848	-3922	9260.1	0.9	57.5	053	0922532.4	0784623.6	100	000	-120	000	-530
3871.4	138	190	20251	-1218	9258.3	1.4	57.2	053	0924461.6	0786072.4	100	000	013	000	-531
3881.4	114	159	20580	03885	9256.5	1.1	56.9	053	0926545.8	0787637.2	100	000	224	000	-530
3891.4	079	111	21066	00815	9254.8	0.7	56.6	053	0928069.1	0788781.6	100	000	136	000	-530
3901.4	111	154	20684	-4480	9253.0	1.0	56.3	053	0929436.8	0789809.5	100	000	-127	000	-531
3911.4	137	189	20236	00524	9251.2	1.4	56.0	053	0931511.1	0791366.8	100	000	073	000	-531
3921.4	105	146	20729	03804	9249.4	0.9	55.7	053	0933474.6	0792840.9	100	000	238	000	-530
3931.4	075	106	21069	-0720	9247.6	0.7	55.4	053	0934892.9	0793906.4	100	000	049	000	-530
3941.4	123	171	20512	-4260	9245.9	1.2	55.2	053	0936388.7	0795030.2	100	000	-104	000	-531
3951.4	133	184	20288	02101	9244.1	1.3	54.9	053	0938548.2	0796651.1	100	000	131	000	-531
3961.4	096	134	20868	03305	9242.3	0.8	54.6	053	0940368.0	0798017.2	100	000	233	000	-530
3971.4	078	109	21010	-2266	9240.5	0.7	54.3	053	0941705.8	0799022.3	100	000	-46	000	-530
3981.4	132	183	20361	-3293	9238.8	1.3	54.0	053	0943383.8	0800282.4	100	000	-60	000	-531
3991.4	126	174	20392	03265	9237.0	1.2	53.7	053	0945556.6	0801912.8	100	000	181	000	-531
4001.4	090	126	20982	02517	9235.2	0.8	53.4	053	0947234.2	0803172.3	100	000	207	000	-530
4011.4	092	128	20892	-3674	9233.4	0.8	53.1	053	0948534.6	0804149.3	100	000	-114	000	-531
4021.4	138	190	20258	-1755	9231.6	1.4	52.8	053	0950410.0	0805556.9	100	000	-04	000	-531
4031.4	117	162	20531	03882	9229.9	1.1	52.5	053	0952525.0	0807143.8	100	000	219	000	-531
4041.4	081	113	21057	01248	9228.1	0.7	52.2	053	0954074.8	0808307.3	100	000	157	000	-530
4051.4	106	148	20730	-4462	9226.3	1.0	51.9	053	0955409.5	0809309.9	100	000	-132	000	-531
4061.4	138	191	20225	00048	9224.5	1.4	51.6	053	0957449.5	0810840.5	100	000	057	000	-531
4071.4	107	149	20686	03928	9222.8	1.0	51.3	053	0959449.7	0812341.1	100	000	239	000	-531
4081.4	075	105	21076	-0322	9221.0	0.7	51.0	053	0960885.2	0813418.9	100	000	073	000	-530
4091.4	120	167	20550	-4461	9219.2	1.1	50.7	053	0962334.2	0814506.9	100	000	-115	000	-531
4101.4	135	186	20260	01767	9217.4	1.3	50.4	053	0964481.8	0816117.8	100	000	118	000	-531
4111.4	098	137	20834	03510	9215.6	0.9	50.1	053	0966335.9	0817508.8	100	000	240	000	-531
4121.4	076	107	21031	-1922	9213.9	0.7	49.8	053	0967681.5	0818519.1	100	000	-26	000	-530
4131.4	131	181	20387	-3637	9212.1	1.3	49.5	053	0969307.1	0819739.0	100	000	-74	000	-531
4141.4	128	177	20357	03087	9210.3	1.2	49.2	053	0971486.4	0821373.4	100	000	172	000	-531
4151.4	091	127	20960	02752	9208.5	0.8	48.9	053	0973191.2	0822652.3	100	000	217	000	-531
4161.4	087	122	20924	-3435	9206.8	0.8	48.6	053	0974485.6	0823624.2	100	000	-106	000	-531
4171.4	137	189	20267	-2128	9205.0	1.4	48.3	053	0976325.4	0825004.2	100	000	-17	000	-531
4181.4	119	165	20498	03857	9203.2	1.1	48.0	053	0978459.1	0826604.1	100	000	214	000	-531
4191.4	082	115	21049	01537	9201.4	0.7	47.7	053	0980027.1	0827780.4	100	000	172	000	-531
4201.4	103	144	20761	-4432	9199.6	0.9	47.4	053	0981340.2	0828766.2	100	000	-135	000	-531
4211.4	138	191	20217	-0280	9197.9	1.4	47.2	053	0983354.4	0830276.5	100	000	045	000	-531
4221.4	109	151	20657	04012	9196.1	1.0	46.9	053	0985378.5	0831794.1	100	000	240	000	-531
4231.4	075	105	21079	-0059	9194.3	0.7	46.6	053	0986824.1	0832878.6	100	000	090	000	-531
4241.4	118	164	20575	-4590	9192.5	1.1	46.3	053	0988241.5	0833942.3	100	000	-123	000	-531
4251.4	135	187	20241	01542	9190.8	1.4	46.0	053	0990379.4	0835544.9	100	000	109	000	-531
4261.4	099	138	20812	03652	9189.0	0.9	45.7	053	0992255.6	0836951.4	100	000	244	000	-531
4271.4	075	105	21043	-1714	9187.2	0.7	45.4	053	0993603.3	0837962.7	100	000	-12	000	-531
4281.4	129	179	20402	-3848	9185.4	1.3	45.1	053	0995195.9	0839157.1	100	000	-83	000	-531
4291.4	129	179	20335	02984	9183.6	1.3	44.8	053	0997378.4	0840792.8	100	000	166	000	-531
4301.4	091	127	20947	02900	9181.9	0.8	44.5	053	0999098.2	0842082.1	100	000	225	000	-531
4311.4	085	119	20940	-3314	9180.1	0.7	44.2	053	1000386.2	0843048.6	100	000	-102	000	-531
4321.4	137	189	20272	-2369	9178.3	1.4	43.9	053	1002192.6	0844402.8	100	000	-25	000	-531
4331.4	120	166	20477	03849	9176.5	1.1	43.6	053	1004337.6	0846009.9	100	000	212	000	-531
4341.4	082	115	21044	01711	9174.8	0.7	43.3	053	1005914.9	0847192.5	100	000	181	000	-531
4351.4	102	142	20778	-4426	9173.0	0.9	43.0	053	1007213.0	0848166.4	100	000	-137	000	-531
4361.4	138	191	20211	-0467	9171.2	1.4	42.7	053	1009211.9	0849664.2	100	000	039	000	-531
4371.4	109	152	20640	04076	9169.4	1.0	42.4	053	1011249.1	0851190.5	100	000	241	000	-531
4381.4	075	105	21081	00073	9167.6	0.6	42.1	053	1012696.6	0852275.8	100	000	097	000	-531
4391.4	117	163	20586	-4667	9165.9	1.1	41.8	053	1014096.1	0853325.3	100	000	-127	000	-531
4401.4	136	188	20230	01447	9164.1	1.4	41.5	053	1016229.5	0854923.5	100	000	106	000	-531
4411.4	099	138	20803	03733	9162.3	0.9	41.2	053	1018114.5	0856335.7	100	000	247	000	-531
4421.4	074	104	21049	-1650	9160.5	0.6	40.9	053	1019458.3	0857343.4	100	000	-09	000	-531
4431.4	129	179	20404	-3959	9158.8	1.3	40.6	053	1021035.5	0858525.5	100	000	-87	000	-531
4441.4	129	179	20323	02977	9157.0	1.3	40.3	053	1023221.0	0860162.2	100	000	166	000	-531
4451.4	091	127	20943	02972	9155.2	0.8	40.0	053	1024943.2	0861452.5	100	000	228	000	-531
4461.5	084	118	20945	-3310	9153.4	0.7	39.7	053	1026222.6	0862411.9	100	000	-104	000	-531
4471.5	137	189	20264	-2424	9151.6	1.4	39.4	053	1028029.1	0863765.2	100	000	-28	000	-531
4481.5	120	166	20470	03904	9149.9	1.1	39.2	053	1030177.6	0865374.0	100	000	214	000	-531
4491.5	081	114	21046	01736	9148.1	0.7	38.9	053	1031749.4	0866551.7	100	000	184	000	-531
4501.5	102	142	20777	-4480	9146.3	0.9	38.6	053	1033038.9	0867518.4	100	000	-140	000	-531
4511.5	139	192	20202	-0465	9144.5	1.4	38.3	053	1035038.2	0869015.6	100	000	038	000	-531
4521.5	109	152	20639	04128	9142.7	1.0	38.0	053	1037075.3	0870540.9	100	000	243	000	-531
4531.5	074	104	21084	00053	9141.0	0.6	37.7	053	1038514.4	0871619.2	100	000	098	000	-531
4541.5	117	163	20581	-4719	9139.2	1.1	37.4	053	1039908.9	0872664.4	100	000	-129	000	-531
4551.5	136	188	20225	01503	9137.4	1.4	37.1	053	1042045.7	0874264.2	100	000	107	000	-531
4561.5	099	138	20806	03762	9135.6	0.9	36.8	053	1043925.6	0875671.9	100	000	250	000	-531
4571.5	073	103	21048	-1727	9133.9	0.6	36.5	053	1045258.5	0876670.8	100	000	-13	000	-531
4581.5	130	180	20392	-3972	9132.1	1.3	36.2	053	1046837.4	0877853.8	100	000	-87	000	-531
4591.5	129	179	20322	03072	9130.3	1.3	35.9	053	1049026.1	0879492.3	100	000	169	000	-531
4601.5	090	126	20950	02968	9128.5	0.8	35.6	053	1050737.6	0880774.0	100	000	230	000	-531
4611.5	084	118	20939	-3414	9126.7	0.7	35.3	053	1052006.9	0881725.6	100	000	-109	000	-531
4621.5	137	189	20255	-2391	9125.0	1.4	35.0	053	1053812.5	0883077.9	100	000	-26	000	-531
4631.5	120	166	20473	03975	9123.2	1.1	34.7	053	1055959.8	0884685.5	100	000	218	000	-531
4641.5	081	113	21051	01677	9121.4	0.7	34.4	053	1057519.6	0885853.9	100	000	182	000	-531
4651.5	103	143	20766	-4566	9119.6	0.9	34.1	053	1058803.9	0886816.8	100	000	-143	000	-531
4661.5	139	192	20196	-0344	9117.9	1.4	33.8	053	1060812.8	0888321.1	100	000	043	000	-531
4671.5	109	151	20649	04168	9116.1	1.0	33.5	053	1062840.9	0889839.6	100	000	247	000	-531
4681.5	073	103	21086	-0086	9114.3	0.6	33.2	053	1064263.9	0890905.9	100	000	089	000	-531
4691.5	119	165	20562	-4757	9112.5	1.1	32.9	053	1065662.8	0891954.6	100	000	-129	000	-531
4701.5	136	188	20223	01681	9110.7	1.4	32.6	053	1067809.0	0893561.8	100	000	114	000	-531
4711.5	097	136	20821	03752	9109.0	0.9	32.3	053	1069672.0	0894957.1	100	000	252	000	-531
4721.5	073	103	21043	-1918	9107.2	0.6	32.0	053	1070987.6	0895943.4	100	000	-26	000	-531
4731.5	131	181	20370	-3887	9105.4	1.3	31.7	053	1072583.5	0897139.5	100	000	-83	000	-531
4741.5	129	178	20331	03247	9103.6	1.3	31.4	053	1074773.8	0898779.9	100	000	177	000	-531
4751.5	089	125	20966	02891	9101.9	0.8	31.2	053	1076462.8	0900045.4	100	000	228	000	-531
4761.5	086	121	20921	-3644	9100.1	0.8	30.9	053	1077719.5	0900988.1	100	000	-120	000	-531
4771.5	138	190	20234	-2173	9098.3	1.4	30.6	053	1079550.5	0902360.4	100	000	-18	000	-531
4781.5	118	164	20491	04096	9096.5	1.1	30.3	053	1081687.4	0903961.2	100	000	225	000	-531
4791.5	078	110	21063	01456	9094.7	0.7	30.0	053	1083220.4	0905110.4	100	000	173	000	-531
4801.5	105	146	20736	-4722	9093.0	1.0	29.7	053	1084505.5	0906074.7	100	000	-147	000	-531
4811.5	139	192	20184	-0030	9091.2	1.4	29.4	053	1086539.1	0907599.1	100	000	054	000	-531
4821.5	106	148	20673	04197	9089.4	1.0	29.1	053	1088543.9	0909101.6	100	000	252	000	-531
4831.5	072	101	21087	-0373	9087.6	0.6	28.8	053	1089939.6	0910148.6	100	000	072	000	-530
4841.5	121	168	20525	-4750	9085.9	1.2	28.5	053	1091356.8	0911212.1	100	000	-126	000	-531
4851.5	135	187	20229	02028	9084.1	1.4	28.2	053	1093526.2	0912838.7	100	000	126	000	-531
4861.5	095	133	20849	03666	9082.3	0.8	27.9	053	1095354.5	0914209.6	100	000	253	000	-531
4871.5	074	104	21028	-2262	9080.5	0.7	27.6	053	1096646.2	0915179.3	100	000	-47	000	-530
4881.5	133	184	20334	-3663	9078.7	1.3	27.3	053	1098279.1	0916405.0	100	000	-74	000	-531
4891.5	126	175	20354	03510	9077.0	1.2	27.0	053	1100467.1	0918046.1	100	000	188	000	-531
4901.5	087	122	20991	02720	9075.2	0.8	26.7	053	1102119.5	0919286.1	100	000	223	000	-531
4911.5	090	126	20888	-3978	9073.4	0.8	26.4	053	1103364.8	0920221.6	100	000	-133	000	-530
4921.5	139	192	20210	-1757	9071.6	1.4	26.1	053	1105239.4	0921629.1	100	000	-04	000	-531
4931.5	116	161	20527	04224	9069.8	1.1	25.8	053	1107353.1	0923215.4	100	000	235	000	-531
4941.5	075	106	21077	01064	9068.1	0.7	25.5	053	1108846.6	0924337.0	100	000	156	000	-530
4951.5	108	151	20686	-4875	9066.3	1.0	25.2	053	1110145.2	0925313.4	100	000	-148	000	-530
4961.5	139	192	20181	00491	9064.5	1.4	24.9	053	1112216.0	0926868.6	100	000	071	000	-531
4971.5	103	144	20717	04162	9062.7	0.9	24.6	053	1114178.8	0928342.8	100	000	257	000	-530
4981.5	071	100	21082	-0867	9061.0	0.6	24.3	052	1115536.4	0929363.4	100	000	041	000	-529
4991.5	124	172	20468	-4633	9059.2	1.2	24.0	053	1116994.1	0930459.9	100	000	-118	000	-530
5001.5	134	185	20247	02492	9057.4	1.3	23.7	053	1119172.9	0932097.3	100	000	144	000	-530
5011.5	093	130	20889	03500	9055.6	0.8	23.4	053	1120951.5	0933434.3	100	000	251	000	-530
5021.5	076	106	21000	-2751	9053.8	0.7	23.1	052	1122213.9	0934384.4	100	000	-79	000	-529
5031.5	135	187	20287	-3275	9052.1	1.4	22.9	053	1123904.9	0935657.0	100	000	-58	000	-530
5041.5	124	172	20390	03830	9050.3	1.2	22.6	053	1126083.1	0937295.2	100	000	205	000	-530
5051.5	083	117	21023	02366	9048.5	0.7	22.3	053	1127685.4	0938500.9	100	000	213	000	-530
5061.5	094	132	20838	-4369	9046.7	0.8	22.0	053	1128923.5	0939433.9	100	000	-146	000	-530
5071.5	140	193	20185	-1166	9045.0	1.4	21.7	053	1130854.8	0940888.1	100	000	015	000	-530
5081.5	112	156	20577	04331	9043.2	1.0	21.4	053	1132931.6	0942451.6	100	000	246	000	-530
5091.5	073	103	21089	00538	9041.4	0.6	21.1	052	1134375.8	0943539.4	100	000	128	000	-529
5101.5	114	158	20622	-4978	9039.6	1.1	20.8	052	1135701.1	0944539.2	100	000	-146	000	-530
5111.5	138	191	20185	01128	9037.8	1.4	20.5	053	1137811.4	0946129.4	100	000	093	000	-530
5121.5	100	140	20770	04063	9036.1	0.9	20.2	052	1139718.6	0947566.7	100	000	261	000	-529
5131.5	071	100	21068	-1463	9034.3	0.6	19.9	052	1141033.9	0948558.9	100	000	002	000	-528
5141.5	129	178	20403	-4368	9032.5	1.3	19.6	052	1142549.6	0949703.1	100	000	-103	000	-529
5151.5	131	181	20281	03026	9030.7	1.3	19.3	052	1144738.9	0951354.5	100	000	166	000	-529
5161.5	090	126	20938	03232	9029.0	0.8	19.0	052	1146454.1	0952648.7	100	000	244	000	-529
5171.5	081	113	20958	-3377	9027.2	0.7	18.7	052	1147689.1	0953581.8	100	000	-112	000	-528
5181.5	138	190	20239	-2672	9025.4	1.4	18.4	052	1149456.6	0954917.2	100	000	-35	000	-529
5191.5	120	167	20447	04130	9023.6	1.2	18.1	052	1151609.8	0956543.1	100	000	223	000	-529
5201.5	078	110	21058	01774	9021.8	0.7	17.8	052	1153155.0	0957710.6	100	000	192	000	-529
5211.5	102	142	20764	-4773	9020.1	0.9	17.5	052	1154400.6	0958653.4	100	000	-155	000	-529
5221.5	140	193	20166	-0334	9018.3	1.4	17.2	052	1156402.2	0960167.0	100	000	042	000	-529
5231.5	108	150	20646	04364	9016.5	1.0	16.9	052	1158420.8	0961693.2	100	000	257	000	-529
5241.5	070	099	21095	-0201	9014.7	0.6	16.6	052	1159803.8	0962739.8	100	000	085	000	-527
5251.5	120	166	20535	-4959	9013.0	1.2	16.3	052	1161179.6	0963782.5	100	000	-137	000	-528
5261.5	136	188	20203	01938	9011.2	1.4	16.0	052	1163331.2	0965411.4	100	000	122	000	-528
5271.5	095	133	20837	03847	9009.4	0.9	15.7	052	1165161.2	0966797.2	100	000	262	000	-528
5281.5	073	102	21037	-2235	9007.6	0.6	15.4	052	1166428.1	0967757.7	100	000	-47	000	-527
5291.5	133	184	20324	-3858	9005.8	1.3	15.1	052	1168030.5	0968973.4	100	000	-81	000	-528
5301.5	127	176	20335	03610	9004.1	1.3	14.9	052	1170217.2	0970631.4	100	000	192	000	-528
5311.5	086	121	20994	02826	9002.3	0.8	14.6	052	1171853.2	0971872.2	100	000	231	000	-528
5321.5	089	124	20887	-4105	9000.5	0.8	14.3	052	1173067.6	0972794.9	100	000	-141	000	-527
5331.5	140	193	20188	-1784	8998.7	1.4	14.0	052	1174931.5	0974210.8	100	000	-05	000	-528
5341.5	115	160	20523	04381	8997.0	1.1	13.7	052	1177037.0	0975809.6	100	000	242	000	-527
5351.5	074	104	21085	01010	8995.2	0.6	13.4	052	1178499.9	0976921.2	100	000	156	000	-527
5361.5	109	152	20670	-5057	8993.4	1.0	13.1	052	1179774.6	0977891.6	100	000	-156	000	-527
5371.6	139	192	20161	00645	8991.6	1.4	12.8	052	1181846.0	0979467.2	100	000	076	000	-527
5381.6	102	142	20726	04272	8989.8	0.9	12.5	052	1183786.1	0980943.0	100	000	266	000	-527
5391.6	070	098	21084	-1062	8988.1	0.6	12.2	052	1185105.6	0981947.7	100	000	029	000	-525
5401.6	126	174	20437	-4700	8986.3	1.2	11.9	052	1186557.2	0983054.7	100	000	-119	000	-527
5411.6	133	184	20243	02769	8984.5	1.3	11.6	052	1188735.8	0984714.4	100	000	154	000	-527
5421.6	091	127	20910	03496	8982.7	0.8	11.3	052	1190475.1	0986040.1	100	000	255	000	-526
5431.6	076	107	20986	-3086	8981.0	0.7	11.0	052	1191698.4	0986973.7	100	000	-100	000	-525
5441.6	137	189	20248	-3103	8979.2	1.4	10.7	052	1193406.1	0988277.9	100	000	-51	000	-526
5451.6	123	170	20406	04104	8977.4	1.2	10.4	052	1195568.5	0989928.4	100	000	218	000	-526
5461.6	080	112	21045	02125	8975.6	0.7	10.1	052	1197119.2	0991112.8	100	000	209	000	-526
5471.6	098	137	20799	-4704	8973.8	0.9	9.8	052	1198334.0	0992042.2	100	000	-158	000	-525
5481.6	141	194	20158	-0720	8972.1	1.5	9.5	052	1200293.1	0993540.8	100	000	030	000	-526
5491.6	109	152	20613	04469	8970.3	1.0	9.2	052	1202328.0	0995097.1	100	000	258	000	-525
5501.6	070	098	21099	00071	8968.5	0.6	8.9	052	1203711.9	0996156.4	100	000	102	000	-524
5511.6	117	163	20559	-5117	8966.7	1.1	8.6	052	1205044.6	0997178.6	100	000	-146	000	-525
5521.6	138	190	20180	01720	8965.0	1.4	8.3	052	1207176.0	0998811.9	100	000	114	000	-525
5531.6	097	135	20816	04019	8963.2	0.9	8.0	052	1209018.0	1000223.8	100	000	268	000	-525
5541.6	071	100	21051	-2050	8961.4	0.6	7.7	052	1210274.5	1001188.0	100	000	-37	000	-523
5551.6	132	183	20332	-4089	8959.6	1.3	7.4	052	1211840.9	1002391.8	100	000	-90	000	-524
5561.6	129	178	20312	03583	8957.8	1.3	7.1	052	1214022.8	1004067.4	100	000	189	000	-524
5571.6	086	121	20987	02973	8956.1	0.8	6.9	052	1215657.2	1005323.2	100	000	240	000	-524
5581.6	087	122	20902	-4065	8954.3	0.8	6.6	052	1216850.8	1006241.9	100	000	-143	000	-523
5591.6	140	193	20183	-1967	8952.5	1.5	6.3	052	1218685.6	1007654.7	100	000	-12	000	-524
5601.6	116	161	20508	04453	8950.7	1.1	6.0	052	1220789.8	1009274.3	100	000	244	000	-524
5611.6	073	103	21088	01101	8948.9	0.6	5.7	052	1222241.1	1010392.2	100	000	164	000	-523
5621.6	108	151	20675	-5141	8947.2	1.0	5.4	052	1223491.0	1011357.1	100	000	-161	000	-523
5631.6	140	193	20150	00608	8945.4	1.5	5.1	052	1225547.9	1012944.3	100	000	074	000	-523
5641.6	102	142	20723	04360	8943.6	0.9	4.8	052	1227479.5	1014434.7	100	000	270	000	-523
5651.6	068	096	21088	-1090	8941.8	0.6	4.5	052	1228778.0	1015437.8	100	000	028	000	-520
5661.6	126	175	20428	-4794	8940.1	1.3	4.2	052	1230211.6	1016547.4	100	000	-122	000	-522
5671.6	133	184	20234	02863	8938.3	1.4	3.9	052	1232382.4	1018226.4	100	000	157	000	-522
5681.6	090	126	20915	03542	8936.5	0.8	3.6	052	1234102.1	1019557.0	100	000	260	000	-522
5691.6	076	107	20983	-3196	8934.7	0.7	3.3	052	1235301.1	1020486.2	100	000	-107	000	-521
5701.6	138	190	20232	-3086	8932.9	1.4	3.0	052	1237001.9	1021805.9	100	000	-51	000	-522
5711.6	122	169	20408	04228	8931.2	1.2	2.7	052	1239151.4	1023472.8	100	000	224	000	-522
5721.6	078	110	21055	02045	8929.4	0.7	2.4	052	1240674.0	1024654.1	100	000	209	000	-521
5731.6	099	138	20783	-4867	8927.6	0.9	2.1	052	1241869.2	1025583.8	100	000	-165	000	-521
5741.6	141	194	20142	-0549	8925.8	1.5	1.8	052	1243830.4	1027109.1	100	000	036	000	-521
5751.6	108	150	20626	04553	8924.1	1.0	1.5	052	1245840.4	1028672.2	100	000	265	000	-521
5761.6	069	097	21102	-0121	8922.3	0.6	1.2	051	1247189.9	1029722.4	100	000	092	000	-519
5771.6	119	165	20532	-5172	8920.5	1.2	0.9	052	1248518.9	1030759.6	100	000	-146	000	-520
5781.6	137	189	20179	01990	8918.7	1.4	0.6	052	1250649.5	1032421.2	100	000	123	000	-520
5791.6	094	132	20838	03997	8916.9	0.8	0.3	052	1252453.1	1033827.9	100	000	271	000	-520
5801.6	071	100	21042	-2336	8915.2	0.6	0.0	051	1253675.6	1034782.8	100	000	-56	000	-517
5811.6	127	175	20188	-6354	8915.0	1.1	0.0	052	1255135.2	1035923.2	-25	000	-191	000	-520
5821.6	141	192	19541	-0552	8915.0	1.3	0.0	052	1257279.1	1037598.0	-25	000	030	000	-520
5831.6	106	145	19737	01291	8915.0	0.9	0.0	052	1259238.9	1039128.9	-25	000	118	000	-520
5841.6	098	134	19630	-2732	8915.0	0.8	0.0	052	1260767.6	1040323.1	-25	000	-68	000	-520
5851.6	126	170	19003	-3758	8915.0	1.1	0.0	052	1262463.5	1041647.8	-25	000	-92	000	-520
5861.6	126	169	18645	-0489	8915.0	1.1	0.0	052	1264452.6	1043201.6	-25	000	034	000	-520
5871.6	106	143	18636	-0410	8915.0	0.9	0.0	052	1266257.4	1044611.4	-25	000	041	000	-520
5881.6	109	146	18376	-2601	8915.0	0.9	0.0	052	1267880.1	1045879.1	-25	000	-57	000	-520
5891.6	123	163	17916	-2367	8915.0	1.1	0.0	052	1269645.1	1047257.8	-25	000	-41	000	-520
5901.6	119	157	17670	-0766	8915.0	1.0	0.0	052	1271507.5	1048712.6	-25	000	023	000	-520
5911.6	109	144	17529	-1266	8915.0	0.9	0.0	052	1273240.5	1050066.4	-25	000	002	000	-520
5921.6	114	150	17220	-2259	8915.0	1.0	0.0	052	1274912.2	1051372.2	-25	000	-41	000	-520
5931.6	119	156	16871	-1705	8915.0	1.1	0.0	052	1276676.1	1052750.2	-25	000	-16	000	-520
5941.6	115	149	16654	-1096	8915.0	1.0	0.0	052	1278446.1	1054132.8	-25	000	008	000	-520
5951.6	112	145	16437	-1611	8915.0	1.0	0.0	052	1280134.8	1055451.9	-25	000	-14	000	-520
5961.6	116	150	16130	-1912	8915.0	1.0	0.0	052	1281823.0	1056770.8	-25	000	-27	000	-520
5971.6	117	150	15845	-1463	8915.0	1.0	0.0	052	1283554.9	1058123.5	-25	000	-07	000	-520
5981.6	114	146	15621	-1349	8915.0	1.0	0.0	052	1285262.1	1059457.2	-25	000	-03	000	-520
5991.6	114	145	15369	-1680	8915.0	1.0	0.0	052	1286930.8	1060760.8	-25	000	-18	000	-520
6001.6	116	147	15083	-1664	8915.0	1.0	0.0	052	1288612.2	1062074.2	-25	000	-17	000	-520
6011.6	116	146	14827	-1422	8915.0	1.0	0.0	052	1290303.9	1063395.6	-25	000	-07	000	-520
6021.6	114	144	14589	-1488	8915.0	1.0	0.0	052	1291969.6	1064696.9	-25	000	-10	000	-520
6031.6	115	144	14327	-1627	8915.0	1.0	0.0	052	1293621.6	1065987.4	-25	000	-16	000	-520
6041.6	115	144	14062	-1529	8915.0	1.0	0.0	052	1295281.9	1067284.2	-25	000	-12	000	-520
6051.6	115	143	13816	-1448	8915.0	1.0	0.0	052	1296935.8	1068576.2	-25	000	-09	000	-520
6061.6	115	142	13569	-1530	8915.0	1.0	0.0	052	1298572.1	1069854.5	-25	000	-13	000	-520
6071.6	115	142	13310	-1549	8915.0	1.0	0.0	052	1300204.9	1071129.9	-25	000	-14	000	-520
6081.6	115	141	13058	-1474	8915.0	1.0	0.0	052	1301837.6	1072405.4	-25	000	-11	000	-520
6091.6	115	140	12814	-1473	8915.0	1.0	0.0	052	1303459.6	1073672.4	-25	000	-11	000	-520
6101.6	115	140	12564	-1514	8915.0	1.0	0.0	052	1305071.9	1074931.8	-25	000	-13	000	-520
6111.6	115	140	12313	-1490	8915.0	1.0	0.0	052	1306681.8	1076189.4	-25	000	-12	000	-520
6121.6	115	139	12068	-1458	8915.0	1.0	0.0	052	1308286.1	1077442.6	-25	000	-11	000	-520
6131.6	115	138	11824	-1475	8915.0	1.0	0.0	052	1309881.1	1078688.6	-25	000	-12	000	-520
6141.6	115	138	11577	-1480	8915.0	1.0	0.0	052	1311470.4	1079930.1	-25	000	-13	000	-520
6151.6	115	137	11332	-1455	8915.0	1.0	0.0	052	1313055.5	1081168.2	-25	000	-12	000	-520
6161.6	115	137	11090	-1450	8915.0	1.0	0.0	052	1314633.2	1082400.9	-25	000	-12	000	-520
6171.6	115	136	10848	-1458	8915.0	1.0	0.0	052	1316204.1	1083627.9	-25	000	-13	000	-520
6181.6	115	136	10606	-1447	8915.0	1.0	0.0	052	1317770.1	1084851.1	-25	000	-12	000	-520
6191.6	115	135	10365	-1435	8915.0	1.0	0.0	052	1319330.4	1086070.0	-25	000	-12	000	-520
6201.6	115	135	10126	-1436	8915.0	1.0	0.0	052	1320883.8	1087283.5	-25	000	-12	000	-520
6211.6	115	134	09887	-1433	8915.0	1.0	0.0	052	1322431.6	1088492.5	-25	000	-12	000	-520
6221.6	115	134	09649	-1423	8915.0	1.0	0.0	052	1323974.1	1089697.5	-25	000	-12	000	-520
6231.6	115	133	09412	-1419	8915.0	1.0	0.0	052	1325510.6	1090897.8	-25	000	-12	000	-520
6241.6	115	133	09176	-1417	8915.0	1.0	0.0	052	1327041.1	1092093.4	-25	000	-12	000	-520
6251.6	115	132	08940	-1410	8915.0	1.0	0.0	052	1328566.5	1093284.9	-25	000	-12	000	-520
6261.7	115	132	08705	-1404	8915.0	1.0	0.0	052	1330086.1	1094472.0	-25	000	-12	000	-520
6271.7	115	131	08471	-1401	8915.0	1.0	0.0	052	1331606.1	1095659.2	-25	000	-12	000	-520
6281.7	115	131	08237	-1396	8915.0	1.0	0.0	052	1333114.6	1096837.8	-25	000	-12	000	-520
6291.7	115	130	08005	-1390	8915.0	1.0	0.0	052	1334617.8	1098011.9	-25	000	-12	000	-520
6301.7	115	130	07774	-1386	8915.0	1.0	0.0	052	1336115.5	1099181.9	-25	000	-12	000	-520
6311.7	115	129	07543	-1382	8915.0	1.0	0.0	052	1337607.8	1100347.6	-25	000	-12	000	-520
6321.7	115	129	07313	-1376	8915.0	1.0	0.0	052	1339094.9	1101509.2	-25	000	-12	000	-520
6331.7	115	128	07084	-1371	8915.0	1.0	0.0	052	1340576.8	1102666.8	-25	000	-12	000	-520
6341.7	115	128	06856	-1367	8915.0	1.0	0.0	052	1342053.2	1103820.2	-25	000	-12	000	-520
6351.7	115	128	06628	-1362	8915.0	1.0	0.0	052	1343524.8	1104969.6	-25	000	-12	000	-520
6361.7	115	127	06402	-1358	8915.0	1.0	0.0	052	1344991.1	1106115.1	-25	000	-12	000	-520
6371.7	115	127	06176	-1353	8915.0	1.0	0.0	052	1346452.2	1107256.6	-25	000	-12	000	-520
6381.7	115	126	05950	-1349	8915.0	1.0	0.0	052	1347908.5	1108394.1	-25	000	-12	000	-520
6391.7	115	126	05726	-1344	8915.0	1.0	0.0	052	1349359.8	1109527.8	-25	000	-12	000	-520
6401.7	115	125	05502	-1340	8915.0	1.0	0.0	052	1350806.0	1110657.5	-25	000	-12	000	-520
6411.7	115	125	05279	-1336	8915.0	1.0	0.0	052	1352247.4	1111783.5	-25	000	-12	000	-520
6421.7	115	125	05057	-1331	8915.0	1.0	0.0	052	1353683.9	1112905.6	-25	000	-12	000	-520
6431.7	115	124	04835	-1327	8915.0	1.0	0.0	052	1355115.5	1114023.9	-25	000	-13	000	-520
6441.7	115	124	04614	-1323	8915.0	1.0	0.0	052	1356542.4	1115138.5	-25	000	-13	000	-520
6451.7	115	123	04394	-1319	8915.0	1.0	0.0	052	1357964.5	1116249.5	-25	000	-13	000	-520
6461.7	115	123	04174	-1314	8915.0	1.0	0.0	052	1359381.9	1117356.6	-25	000	-13	000	-520
6471.7	115	122	03956	-1310	8915.0	1.0	0.0	052	1360794.6	1118460.2	-25	000	-13	000	-520
6481.7	115	122	03737	-1306	8915.0	1.0	0.0	052	1362202.8	1119560.2	-25	000	-13	000	-520
6491.7	115	122	03520	-1302	8915.0	1.0	0.0	052	1363606.2	1120656.5	-25	000	-13	000	-520
6501.7	115	121	03303	-1298	8915.0	1.0	0.0	052	1365005.1	1121749.4	-25	000	-13	000	-520
6511.7	115	121	03087	-1294	8915.0	1.0	0.0	052	1366399.5	1122838.6	-25	000	-13	000	-520
6521.7	115	120	02872	-1290	8915.0	1.0	0.0	052	1367789.5	1123924.4	-25	000	-13	000	-520
6531.7	115	120	02657	-1286	8915.0	1.0	0.0	052	1369174.9	1125006.6	-25	000	-13	000	-520
6541.7	115	120	02443	-1282	8915.0	1.0	0.0	052	1370556.0	1126085.4	-25	000	-13	000	-520
6551.7	115	119	02230	-1278	8915.0	1.0	0.0	052	1371932.6	1127160.8	-25	000	-13	000	-520
6561.7	115	119	02017	-1274	8915.0	1.0	0.0	052	1373304.9	1128232.8	-25	000	-13	000	-520
6571.7	115	119	01805	-1270	8915.0	1.0	0.0	052	1374672.9	1129301.4	-25	000	-13	000	-520
6581.7	115	118	01593	-1266	8915.0	1.0	0.0	052	1376036.5	1130366.6	-25	000	-13	000	-520
6591.7	115	118	01382	-1263	8915.0	1.0	0.0	052	1377401.4	1131432.8	-25	000	-13	000	-520
6601.7	115	117	01171	-1259	8915.0	1.0	0.0	052	1378756.5	1132491.4	-25	000	-13	000	-520
6611.7	115	117	00962	-1255	8915.0	1.0	0.0	052	1380107.5	1133546.6	-25	000	-13	000	-520
6621.7	115	117	00753	-1251	8915.0	1.0	0.0	052	1381454.4	1134598.8	-25	000	-13	000	-520
6631.7	115	116	00545	-1248	8915.0	1.0	0.0	052	1382797.0	1135647.6	-25	000	-13	000	-520
6641.7	115	116	00337	-1244	8915.0	1.0	0.0	052	1384135.6	1136693.2	-25	000	-13	000	-520
6651.7	115	116	00130	-1240	8915.0	1.0	0.0	052	1385470.1	1137735.8	-25	000	-13	000	-520
